original_filename,source_url,width,height,bytes,sha256,visible_content,classification,project,permission,download_status
IMG_9462.jpg,https://regardinconstruction.co.za/wp-content/uploads/2025/02/IMG_9462.jpg,1206,898,1306847,0b7c89d9b74f417f731e4cd78ebb4cb503029a4985595fe2b198e6d5670d5f04,Garden and building exterior,exterior candidate,[CONFIRM: project context],[CONFIRM: publication permission],0
IMG_9460.jpg,https://regardinconstruction.co.za/wp-content/uploads/2025/02/IMG_9460.jpg,845,903,873648,3461b03e734de0f40c0563e2cc5e3d73a58502a3238490ece3c30e3523631e41,Building exterior with construction work visible,renovation candidate,[CONFIRM: project context],[CONFIRM: publication permission],0
98D254E0-552C-4048-B8EB-F2D90296BB30.jpg,https://regardinconstruction.co.za/wp-content/uploads/2025/02/98D254E0-552C-4048-B8EB-F2D90296BB30.jpg,1440,1800,337767,f22b08d7c914bec51ac39cff032e844a30f89969fc645c627b538cb7029d1beb,Built-in outdoor cooking unit,custom / masonry candidate,[CONFIRM: project context],[CONFIRM: publication permission],0
9d984b9c-02c9-4a47-8f51-ca541aa0eefd.jpg,https://regardinconstruction.co.za/wp-content/uploads/2025/02/9d984b9c-02c9-4a47-8f51-ca541aa0eefd.jpg,1600,1200,243287,8ebed652267a0cb1629ab4d3676c0a1b0bf11745ddf980bbb1503b6eeb674baf,"Building exterior, pergola and swimming pool",timber / exterior candidate,[CONFIRM: project context],[CONFIRM: publication permission],0
0a03501f-f767-40d6-8c6b-0259148446e1.jpg,https://regardinconstruction.co.za/wp-content/uploads/2025/02/0a03501f-f767-40d6-8c6b-0259148446e1.jpg,750,1000,49901,23acbf326c753aacd1aade58f6282d0458b10fd92842689cab85f4efba6bb416,Pool structure viewed along its side,pool candidate,[CONFIRM: project context],[CONFIRM: publication permission],0
92.png,https://regardinconstruction.co.za/wp-content/uploads/2025/02/92.png,500,500,300181,1c89db7cf23e5ea3358101a9979a78f4d5687ae050bcb1f50a6e474e04d36d4d,Interior space with stairwell and finished wall surfaces,interior / concrete candidate,[CONFIRM: project context],[CONFIRM: publication permission],0
91.png,https://regardinconstruction.co.za/wp-content/uploads/2025/02/91.png,500,500,288995,499700e9aa1fefd9a9602658fe6a0c3fb621952a74fb1a195118bce2a2c3e4dc,Interior space with stairwell and finished wall surfaces,interior / concrete candidate,[CONFIRM: project context],[CONFIRM: publication permission],0
90.png,https://regardinconstruction.co.za/wp-content/uploads/2025/02/90.png,500,500,277378,e32fb9170926826019203d14882e1604fe8edaee83d2bdde968700c57afb952f,Interior space with stairwell and finished wall surfaces,interior / concrete candidate,[CONFIRM: project context],[CONFIRM: publication permission],0
89.png,https://regardinconstruction.co.za/wp-content/uploads/2025/02/89.png,500,500,292008,532689cab651eea862b35afcea419c5c42a38cc9dd06462ebb3572eb63d8b524,Interior space with stairwell and finished wall surfaces,interior / concrete candidate,[CONFIRM: project context],[CONFIRM: publication permission],0
88.png,https://regardinconstruction.co.za/wp-content/uploads/2025/02/88.png,500,500,322578,c05cbc58e48a6be75820ecb2af72f3642024ee6b1c809eeb05c04fbedc0b4f1b,Interior space with stairwell and finished wall surfaces,interior / concrete candidate,[CONFIRM: project context],[CONFIRM: publication permission],0
87.png,https://regardinconstruction.co.za/wp-content/uploads/2025/02/87.png,500,500,303479,2320a233908548d8c4f0ffe1e14f31d7d4c79eaca1e7135d84e060f23841991f,Interior space with stairwell and finished wall surfaces,interior / concrete candidate,[CONFIRM: project context],[CONFIRM: publication permission],0
86.png,https://regardinconstruction.co.za/wp-content/uploads/2025/02/86.png,500,500,337685,21eea62807cd2f69e22505a09f819abc2f55f59af86f2945217b5803912490a6,Deck or pergola beside a swimming pool,timber candidate,[CONFIRM: project context],[CONFIRM: publication permission],0
85.png,https://regardinconstruction.co.za/wp-content/uploads/2025/02/85.png,500,500,351153,505f5efb8bebc15f954b43ba9a62434b57a58f6f3c60e05f81f6f1c5aa8192d8,Deck or pergola beside a swimming pool,timber candidate,[CONFIRM: project context],[CONFIRM: publication permission],0
84.png,https://regardinconstruction.co.za/wp-content/uploads/2025/02/84.png,500,500,368255,e7a022ed074bd9ad19a1f202f9fba34ba84c8683bb1efe4bea1bd964cdcc19dd,Deck or pergola beside a swimming pool,timber candidate,[CONFIRM: project context],[CONFIRM: publication permission],0
83.png,https://regardinconstruction.co.za/wp-content/uploads/2025/02/83.png,500,500,345782,e236608849c2e576709a28ea4328fedb58e2c472cbe002163f2000d690317653,Deck or pergola beside a swimming pool,timber candidate,[CONFIRM: project context],[CONFIRM: publication permission],0
82.png,https://regardinconstruction.co.za/wp-content/uploads/2025/02/82.png,500,500,412898,c26bffcf5d18b570df4eeecbd5af1ef81f4214857d102369945f9600856b21c3,Deck or pergola beside a swimming pool,timber candidate,[CONFIRM: project context],[CONFIRM: publication permission],0
81.png,https://regardinconstruction.co.za/wp-content/uploads/2025/02/81.png,500,500,278220,1e60b3126e8dd6b0d247b044e244f8537c64bc28ac5d99627f37dcdf1ca22d55,Deck or pergola beside a swimming pool,timber candidate,[CONFIRM: project context],[CONFIRM: publication permission],0
80.png,https://regardinconstruction.co.za/wp-content/uploads/2025/02/80.png,500,500,312562,81faac1981c816dcf83ce7dd1e0497127a3287d595fe2e6699b33c9c7be845cb,Deck or pergola beside a swimming pool,timber candidate,[CONFIRM: project context],[CONFIRM: publication permission],0
79.png,https://regardinconstruction.co.za/wp-content/uploads/2025/02/79.png,500,500,349412,deea37b624e37cc1f0fd14ac90d3d7a48cb44baa4fcf06ca4a149271b6b4d0c6,Deck or pergola beside a swimming pool,timber candidate,[CONFIRM: project context],[CONFIRM: publication permission],0
78.png,https://regardinconstruction.co.za/wp-content/uploads/2025/02/78.png,500,500,459078,1ece4ec1fb5f1036685869f68f62a5ee36a7becda3c10c613f5fdf7f0a4e3d5b,Deck or pergola beside a swimming pool,timber candidate,[CONFIRM: project context],[CONFIRM: publication permission],0
77-1.png,https://regardinconstruction.co.za/wp-content/uploads/2025/02/77-1.png,500,500,427026,b11286406577e68bb4367e495c00fc3d08953359037b44dc2241205bbf3c984a,Deck or pergola beside a swimming pool,timber candidate,[CONFIRM: project context],[CONFIRM: publication permission],0
77.png,https://regardinconstruction.co.za/wp-content/uploads/2025/02/77.png,500,500,3324,c1e3bb25accf016a23480bc4c5f0f75bed9a0a99724c77ca280435b76194d007,Near-blank image; exclude pending review,exclude / blank,[CONFIRM: project context],[CONFIRM: publication permission],0
76.png,https://regardinconstruction.co.za/wp-content/uploads/2025/02/76.png,500,500,205049,c90557569dc5d9902036e8b4567255bd8bb8cfba74afbe30aae8931e1679143a,Deck or pergola beside a swimming pool,timber candidate,[CONFIRM: project context],[CONFIRM: publication permission],0
75.png,https://regardinconstruction.co.za/wp-content/uploads/2025/02/75.png,500,500,297884,46351ce747b3fb1419a78b08c5df0928bc42d4761978ee3dd3b1c380272defd9,Timber counter and cabinetry surfaces,carpentry candidate,[CONFIRM: project context],[CONFIRM: publication permission],0
74.png,https://regardinconstruction.co.za/wp-content/uploads/2025/02/74.png,500,500,296867,b16b6d4d1d33fffb6e81163ac6ed33626ddc4cccf5f12ad1732873c0b1eb5026,Timber counter and cabinetry surfaces,carpentry candidate,[CONFIRM: project context],[CONFIRM: publication permission],0
73.png,https://regardinconstruction.co.za/wp-content/uploads/2025/02/73.png,500,500,264415,4e1a35ab9548f50766f905ec1a62d5c60c96ab9d3ae4a8b11a383fdcf0391bd2,Timber counter and cabinetry surfaces,carpentry candidate,[CONFIRM: project context],[CONFIRM: publication permission],0
72.png,https://regardinconstruction.co.za/wp-content/uploads/2025/02/72.png,500,500,248598,27773095ff69412df04296bce183dfc841453865d8e1d96ea9031b7d1d247ef3,Timber counter and cabinetry surfaces,carpentry candidate,[CONFIRM: project context],[CONFIRM: publication permission],0
71.png,https://regardinconstruction.co.za/wp-content/uploads/2025/02/71.png,500,500,311434,75c6d6ff419f243953f69548a42544d5e3cc9efbccbc3c9c167385a6b501a5ab,Timber counter and cabinetry surfaces,carpentry candidate,[CONFIRM: project context],[CONFIRM: publication permission],0
70.png,https://regardinconstruction.co.za/wp-content/uploads/2025/02/70.png,500,500,282828,d1e8cfa79b17af5dbb1382b56d4d2f5e23604203fc172dc8a3ac4801f9950de1,Timber counter and cabinetry surfaces,carpentry candidate,[CONFIRM: project context],[CONFIRM: publication permission],0
69.png,https://regardinconstruction.co.za/wp-content/uploads/2025/02/69.png,500,500,213111,11f43e74a2edcd9214779c2bc2316092e3fe71c12c28e829a6907b5a09216b11,"Finished interior room, painted walls and timber furniture",interior finishing candidate,[CONFIRM: project context],[CONFIRM: publication permission],0
68.png,https://regardinconstruction.co.za/wp-content/uploads/2025/02/68.png,500,500,252181,4b8be3260f185bd005fbde0eb60e20ebeacd62c0f4623a85f4757f3d9e03a6c2,"Finished interior room, painted walls and timber furniture",interior finishing candidate,[CONFIRM: project context],[CONFIRM: publication permission],0
67.png,https://regardinconstruction.co.za/wp-content/uploads/2025/02/67.png,500,500,268367,6d26e8d7f3bbf9fd10a5dd82c6fd34808cb66dee3dd78c6fb704a4b3d0f9f23d,"Finished interior room, painted walls and timber furniture",interior finishing candidate,[CONFIRM: project context],[CONFIRM: publication permission],0
66.png,https://regardinconstruction.co.za/wp-content/uploads/2025/02/66.png,500,500,270471,c314d1a7ab49039f1a8b7c1e2bf2c0a32de4dfd2cdb9e03974483b3e8b85f6a6,"Finished interior room, painted walls and timber furniture",interior finishing candidate,[CONFIRM: project context],[CONFIRM: publication permission],0
65.png,https://regardinconstruction.co.za/wp-content/uploads/2025/02/65.png,500,500,213849,e223f85a199215a2a480d75bb70b055b969d6cc1689f430654c33897ad1f6d39,"Finished interior room, painted walls and timber furniture",interior finishing candidate,[CONFIRM: project context],[CONFIRM: publication permission],0
64.png,https://regardinconstruction.co.za/wp-content/uploads/2025/02/64.png,500,500,330968,891a4d44e9e754530441ffec74df78f6601a1e15766fcd956de12d83e2130015,Interior wall with visibly uneven existing finish,renovation candidate,[CONFIRM: project context],[CONFIRM: publication permission],0
58.png,https://regardinconstruction.co.za/wp-content/uploads/2025/02/58.png,500,500,228045,6d2817a7d7f67bdab2cc3c6312f2104abbdb0e66bf0002fab76446e2f972a8c5,Outdoor masonry cooking area and adjacent walls,masonry / custom-work candidate,[CONFIRM: project context],[CONFIRM: publication permission],0
57.png,https://regardinconstruction.co.za/wp-content/uploads/2025/02/57.png,500,500,291092,9d04a3a5a09202dc68ccb8107b1a00406181cbe8bb260681aa0487592bcc5956,Outdoor masonry cooking area and adjacent walls,masonry / custom-work candidate,[CONFIRM: project context],[CONFIRM: publication permission],0
63.png,https://regardinconstruction.co.za/wp-content/uploads/2025/02/63.png,500,500,455566,b45c7bc1cd8348023cf5dd830dbe4ffc80c9b797f396e3ede8d5625ce1cc101b,Outdoor masonry cooking area and adjacent walls,masonry / custom-work candidate,[CONFIRM: project context],[CONFIRM: publication permission],0
62.png,https://regardinconstruction.co.za/wp-content/uploads/2025/02/62.png,500,500,270535,232880ada5901c3074f4a718336fdc47bbcab144632a36e5581c5ff7fe76f566,Outdoor masonry cooking area and adjacent walls,masonry / custom-work candidate,[CONFIRM: project context],[CONFIRM: publication permission],0
61.png,https://regardinconstruction.co.za/wp-content/uploads/2025/02/61.png,500,500,419645,2bb17c0cd448a041f0a6c203fbcdae065938cd4c6ddea31208c2cfa5d7a42b9d,Outdoor masonry cooking area and adjacent walls,masonry / custom-work candidate,[CONFIRM: project context],[CONFIRM: publication permission],0
60.png,https://regardinconstruction.co.za/wp-content/uploads/2025/02/60.png,500,500,266859,7be1ad2ada6227f69973721453c6f0dd1feab38321eda8cf4f644675aa202272,Outdoor masonry cooking area and adjacent walls,masonry / custom-work candidate,[CONFIRM: project context],[CONFIRM: publication permission],0
59.png,https://regardinconstruction.co.za/wp-content/uploads/2025/02/59.png,500,500,419422,409f9e8a5c457ab5445a8fcef1ab130b82370de5a937b89e5dd620c923ceeb58,Outdoor masonry cooking area and adjacent walls,masonry / custom-work candidate,[CONFIRM: project context],[CONFIRM: publication permission],0
54.png,https://regardinconstruction.co.za/wp-content/uploads/2025/02/54.png,500,500,236974,aa0adc59a9fe923a3c25e6f4353d5f60a79d83604a44c87fb87e5693495b0293,Exterior building wall and roofline,painting / renovation candidate,[CONFIRM: project context],[CONFIRM: publication permission],0
53.png,https://regardinconstruction.co.za/wp-content/uploads/2025/02/53.png,500,500,275095,29aced66c4c9a337e24649783dbbcbf98117dd3dfa916725b4bab7d7cae8bbaa,Exterior building wall and roofline,painting / renovation candidate,[CONFIRM: project context],[CONFIRM: publication permission],0
52.png,https://regardinconstruction.co.za/wp-content/uploads/2025/02/52.png,500,500,230181,4e50de2a4aa8fd3d78f8b46bca7f752a07e278bf004ec192eb0c46e30d33802a,Exterior building wall and roofline,painting / renovation candidate,[CONFIRM: project context],[CONFIRM: publication permission],0
51-1.png,https://regardinconstruction.co.za/wp-content/uploads/2025/02/51-1.png,500,500,289594,8753ae5db9cafa9cc9d6c1359ac855540aec1651cdf6d370788a4f12791471bf,Exterior building wall and roofline,painting / renovation candidate,[CONFIRM: project context],[CONFIRM: publication permission],0
56.png,https://regardinconstruction.co.za/wp-content/uploads/2025/02/56.png,500,500,319032,b2a31c13bb669bee672fea8cfeafd1b34d2e2498ee67a0aae1850df4b0614b18,Exterior building wall and roofline,painting / renovation candidate,[CONFIRM: project context],[CONFIRM: publication permission],0
55.png,https://regardinconstruction.co.za/wp-content/uploads/2025/02/55.png,500,500,326317,335b6dc8b2d35cf358697ba6311c05a282993b277fd79b16cedcf281eeee8717,Exterior building wall and roofline,painting / renovation candidate,[CONFIRM: project context],[CONFIRM: publication permission],0
50.png,https://regardinconstruction.co.za/wp-content/uploads/2025/02/50.png,500,500,209182,800dd9f445be045eef7ff9340e087d116df5b0b61c918f99086db2d3a69c5e5d,Built-in cupboards or counter surfaces,carpentry candidate,[CONFIRM: project context],[CONFIRM: publication permission],0
49.png,https://regardinconstruction.co.za/wp-content/uploads/2025/02/49.png,500,500,202887,1a00195b671fba996d5ccebf3103afdb1d40299606c37b85f08fc9e13c418d75,Built-in cupboards or counter surfaces,carpentry candidate,[CONFIRM: project context],[CONFIRM: publication permission],0
48.png,https://regardinconstruction.co.za/wp-content/uploads/2025/02/48.png,500,500,187351,64bc21fdab8fb81af74b87435da82e5101991d9f05986e2f303dc590175e2dbd,Built-in cupboards or counter surfaces,carpentry candidate,[CONFIRM: project context],[CONFIRM: publication permission],0
47.png,https://regardinconstruction.co.za/wp-content/uploads/2025/02/47.png,500,500,179020,93c5b7be8c83de7c6932bc06059d7193fadba370f06509cf29f3ac237b43dead,Built-in cupboards or counter surfaces,carpentry candidate,[CONFIRM: project context],[CONFIRM: publication permission],0
46.png,https://regardinconstruction.co.za/wp-content/uploads/2025/02/46.png,500,500,177994,70ff7cfdb77de7644489f5069ce8e5ed94082c538e019b6233fade9b2e14c1f0,Built-in cupboards or counter surfaces,carpentry candidate,[CONFIRM: project context],[CONFIRM: publication permission],0
45.png,https://regardinconstruction.co.za/wp-content/uploads/2025/02/45.png,500,500,185666,6d5010771d7c05581124175e51f7150d72e1db4ac213bd88c1f8321f33fa339e,Built-in cupboards or counter surfaces,carpentry candidate,[CONFIRM: project context],[CONFIRM: publication permission],0
51.png,https://regardinconstruction.co.za/wp-content/uploads/2025/02/51.png,500,500,3324,3ae07ae27b386ac98a09052b869730d0e37d3f7d6ebdf44c13ba17b0997550e5,Near-blank image; exclude pending review,exclude / blank,[CONFIRM: project context],[CONFIRM: publication permission],0
44.png,https://regardinconstruction.co.za/wp-content/uploads/2025/02/44.png,500,500,317217,b0e3438c9ad9493647752e91359b34fd720bac313e8f388126fe3684aaadb27f,Unfinished concrete stairwell,concrete candidate,[CONFIRM: project context],[CONFIRM: publication permission],0
43.png,https://regardinconstruction.co.za/wp-content/uploads/2025/02/43.png,500,500,340829,22a33f29a3ee0ba6e8b480b27e4daf321808106214ad6bbcb60d198289961160,Unfinished concrete stairwell,concrete candidate,[CONFIRM: project context],[CONFIRM: publication permission],0
42.png,https://regardinconstruction.co.za/wp-content/uploads/2025/02/42.png,500,500,349217,0af70f0df663405eb4d1e0cdeb1d696d4578d46dc2dc9e0a1865b2dcf5c4546c,Unfinished concrete stairwell,concrete candidate,[CONFIRM: project context],[CONFIRM: publication permission],0
41.png,https://regardinconstruction.co.za/wp-content/uploads/2025/02/41.png,500,500,315496,877c29c2266f727a05750950d99550a0a39ce37db41c51c2af4910cfffb250ae,Unfinished concrete stairwell,concrete candidate,[CONFIRM: project context],[CONFIRM: publication permission],0
40.png,https://regardinconstruction.co.za/wp-content/uploads/2025/02/40.png,500,500,312657,126e4b13385fc83048d902d2f8e24d1c58c64e5f802d4d51a9a4508b454f7956,Unfinished concrete stairwell,concrete candidate,[CONFIRM: project context],[CONFIRM: publication permission],0
39.png,https://regardinconstruction.co.za/wp-content/uploads/2025/02/39.png,500,500,287522,e6006f2153e88587ea46d7d7dab1cc67dcc3cdc3f1f8aff06a252784760c8d9f,Interior floor surface near doors and windows,screed / floor candidate,[CONFIRM: project context],[CONFIRM: publication permission],0
38.png,https://regardinconstruction.co.za/wp-content/uploads/2025/02/38.png,500,500,241712,eb73cadeb03b3008a97aa06617a88505e25b4dc73ed072c106cd4b5c98f8f634,Interior floor surface near doors and windows,screed / floor candidate,[CONFIRM: project context],[CONFIRM: publication permission],0
37.png,https://regardinconstruction.co.za/wp-content/uploads/2025/02/37.png,500,500,252026,d17048bb0e7064d317acfcc2645fbdf957620a84195f82aaf4caf3174f70acc5,Interior floor surface near doors and windows,screed / floor candidate,[CONFIRM: project context],[CONFIRM: publication permission],0
36.png,https://regardinconstruction.co.za/wp-content/uploads/2025/02/36.png,500,500,254934,b42d6b441158b761ac61c614260cc955fb33992560e584591c7d57b0e33bc9f8,Interior floor surface near doors and windows,screed / floor candidate,[CONFIRM: project context],[CONFIRM: publication permission],0
35.png,https://regardinconstruction.co.za/wp-content/uploads/2025/02/35.png,500,500,269961,862714988b97c80e12ce9caf08e0a4873c9d551e4a30ee1c85ed5b82380e3699,Interior floor surface near doors and windows,screed / floor candidate,[CONFIRM: project context],[CONFIRM: publication permission],0
34.png,https://regardinconstruction.co.za/wp-content/uploads/2025/02/34.png,500,500,301016,0fbb6cb1ef84554b4466b04a42f3826980310f3328f506adf37332085a859098,Interior floor surface near doors and windows,screed / floor candidate,[CONFIRM: project context],[CONFIRM: publication permission],0
33.png,https://regardinconstruction.co.za/wp-content/uploads/2025/02/33.png,500,500,306199,4e40ba9b425f38f78eff403c12247f6927d32636fa21ca830999af7c0fc8155c,Interior floor surface near doors and windows,screed / floor candidate,[CONFIRM: project context],[CONFIRM: publication permission],0
32.png,https://regardinconstruction.co.za/wp-content/uploads/2025/02/32.png,500,500,274737,f0b4d1149ff4fcf643daaff2a38f11f6738f864ecf00c1fe92fde26cc3ac35c1,Pool structure and adjacent plastered surfaces,pool / plastering candidate,[CONFIRM: project context],[CONFIRM: publication permission],0
31.png,https://regardinconstruction.co.za/wp-content/uploads/2025/02/31.png,500,500,253792,06442cfdfc844fe616dbf8d3a9960cc24074662c601d06925f35e7ea0ecd0901,Pool structure and adjacent plastered surfaces,pool / plastering candidate,[CONFIRM: project context],[CONFIRM: publication permission],0
30.png,https://regardinconstruction.co.za/wp-content/uploads/2025/02/30.png,500,500,259088,09d79dbe7fe026ba52beab384ecaecabd49bdac50f74c7735bc15e46bf913156,Pool structure and adjacent plastered surfaces,pool / plastering candidate,[CONFIRM: project context],[CONFIRM: publication permission],0
29.png,https://regardinconstruction.co.za/wp-content/uploads/2025/02/29.png,500,500,247639,21b33664ea8965fc3341465576be1907ade34e5a81dfc7278b4d5a6ab3f8791a,Pool structure and adjacent plastered surfaces,pool / plastering candidate,[CONFIRM: project context],[CONFIRM: publication permission],0
28.png,https://regardinconstruction.co.za/wp-content/uploads/2025/02/28.png,500,500,252010,42c43c89ca704988bfc2db3fe4536cf1e750af44e26b5192e675a1d0407e4c19,Pool structure and adjacent plastered surfaces,pool / plastering candidate,[CONFIRM: project context],[CONFIRM: publication permission],0
27.png,https://regardinconstruction.co.za/wp-content/uploads/2025/02/27.png,500,500,254968,770c911d5a53bc294a2fbd9ac3c6f03834d02d2050ca5373b374482b15dcd1d9,Pool structure and adjacent plastered surfaces,pool / plastering candidate,[CONFIRM: project context],[CONFIRM: publication permission],0
26.png,https://regardinconstruction.co.za/wp-content/uploads/2025/02/26.png,500,500,409380,501e71f10beac440529e7fda7a6f7cd5fd28d60d0112e6c1db3f72ebbf62e994,Pool structure and adjacent plastered surfaces,pool / plastering candidate,[CONFIRM: project context],[CONFIRM: publication permission],0
25.png,https://regardinconstruction.co.za/wp-content/uploads/2025/02/25.png,500,500,334780,13e150b0d56ab9416cdff3870ea9f148bf47a3d36ecd946964ba24238e8f8d04,Pool structure and adjacent plastered surfaces,pool / plastering candidate,[CONFIRM: project context],[CONFIRM: publication permission],0
24.png,https://regardinconstruction.co.za/wp-content/uploads/2025/02/24.png,500,500,336602,053c4baec09d1b5dd6598b1b9d0253e345e44d1a2e1b1395ce1d0e6b6b733ea1,Pool structure and adjacent plastered surfaces,pool / plastering candidate,[CONFIRM: project context],[CONFIRM: publication permission],0
23.png,https://regardinconstruction.co.za/wp-content/uploads/2025/02/23.png,500,500,342483,91a7fc53ea0debdd5a66abd36f84dca904adc518853fe78c0cdfd82951332d15,Pool structure and adjacent plastered surfaces,pool / plastering candidate,[CONFIRM: project context],[CONFIRM: publication permission],0
22.png,https://regardinconstruction.co.za/wp-content/uploads/2025/02/22.png,500,500,417935,f1c030a36a3f5fb1cadad67d46964187713a8d833c9f52185e9a313abafcaa22,Pool structure and adjacent plastered surfaces,pool / plastering candidate,[CONFIRM: project context],[CONFIRM: publication permission],0
21.png,https://regardinconstruction.co.za/wp-content/uploads/2025/02/21.png,500,500,198105,c2da8b513b70aa212b05485ec6ecd9d00d3c5c25ef95bd281a6c0a1c24c322ab,Pool structure and adjacent plastered surfaces,pool / plastering candidate,[CONFIRM: project context],[CONFIRM: publication permission],0
20.png,https://regardinconstruction.co.za/wp-content/uploads/2025/02/20.png,500,500,235787,315c14a33905e63ec980d1b409d6a9c46bdc70212c15458fcd3b26be85c4301f,Pool structure and adjacent plastered surfaces,pool / plastering candidate,[CONFIRM: project context],[CONFIRM: publication permission],0
19.png,https://regardinconstruction.co.za/wp-content/uploads/2025/02/19.png,500,500,217661,373216bcfb4a04626e0331d1e32ec4146e8746b9edfcb9ce634e23cad53ed5da,Pool structure and adjacent plastered surfaces,pool / plastering candidate,[CONFIRM: project context],[CONFIRM: publication permission],0
18.png,https://regardinconstruction.co.za/wp-content/uploads/2025/02/18.png,500,500,383312,769b5410f1397d4bf086818b7f941602e2f30c1a18f9f3d0b43ab39f4e061550,"Exterior walls, building frontage or boundary wall",exterior / masonry candidate,[CONFIRM: project context],[CONFIRM: publication permission],0
17.png,https://regardinconstruction.co.za/wp-content/uploads/2025/02/17.png,500,500,313044,cf8168e0c7d6a8eb52dac98852743a734ea17cff270f3c9c3254685d6410100f,"Exterior walls, building frontage or boundary wall",exterior / masonry candidate,[CONFIRM: project context],[CONFIRM: publication permission],0
16.png,https://regardinconstruction.co.za/wp-content/uploads/2025/02/16.png,500,500,339865,6fbfaea5d6de60c1d2e3d96181c779615a4a88b0115b33dde009fcc7ce780daa,"Exterior walls, building frontage or boundary wall",exterior / masonry candidate,[CONFIRM: project context],[CONFIRM: publication permission],0
15.png,https://regardinconstruction.co.za/wp-content/uploads/2025/02/15.png,500,500,225342,06d78a10f0b8acd266554665720324cb3320fb73e2aa3aaac4e5499c42a6c285,"Exterior walls, building frontage or boundary wall",exterior / masonry candidate,[CONFIRM: project context],[CONFIRM: publication permission],0
14.png,https://regardinconstruction.co.za/wp-content/uploads/2025/02/14.png,500,500,265823,17fa72154dc1ce4c31358185457ce3414694640252198918c68f11955ac8e79e,"Exterior walls, building frontage or boundary wall",exterior / masonry candidate,[CONFIRM: project context],[CONFIRM: publication permission],0
13.png,https://regardinconstruction.co.za/wp-content/uploads/2025/02/13.png,500,500,210547,4209fe0980beba705dcc63136581571a8be8fa253c630056b7bab821479550fe,"Exterior walls, building frontage or boundary wall",exterior / masonry candidate,[CONFIRM: project context],[CONFIRM: publication permission],0
12.png,https://regardinconstruction.co.za/wp-content/uploads/2025/02/12.png,500,500,243689,a46ff33fd0daf8d850c4ae692a8841bff24624cfcac59e9f9f7cea9ef0d5d434,"Exterior walls, building frontage or boundary wall",exterior / masonry candidate,[CONFIRM: project context],[CONFIRM: publication permission],0
11.png,https://regardinconstruction.co.za/wp-content/uploads/2025/02/11.png,500,500,206049,088d638f8d6b4bce91142c4a6d99fdf42d2cc0d13efc170f68140eab68829cf6,"Exterior walls, building frontage or boundary wall",exterior / masonry candidate,[CONFIRM: project context],[CONFIRM: publication permission],0
10.png,https://regardinconstruction.co.za/wp-content/uploads/2025/02/10.png,500,500,261035,e4accd39229272b3b68694965f192a7e96b3295bfb0c5b8735672b61aa7ca7fd,"Exterior walls, building frontage or boundary wall",exterior / masonry candidate,[CONFIRM: project context],[CONFIRM: publication permission],0
9.png,https://regardinconstruction.co.za/wp-content/uploads/2025/02/9.png,500,500,313919,e48f0e4ac51e7acd2d661e43b57dfcd6d5b4ff1450dc0f1c5673296227faf2cb,"Exterior walls, building frontage or boundary wall",exterior / masonry candidate,[CONFIRM: project context],[CONFIRM: publication permission],0
8.png,https://regardinconstruction.co.za/wp-content/uploads/2025/02/8.png,500,500,282225,a4cbca68d0e912dfd2b9f3f36a9fff21a6930dce57a85edeea2ed2eb3c8f9119,"Exterior walls, building frontage or boundary wall",exterior / masonry candidate,[CONFIRM: project context],[CONFIRM: publication permission],0
7.png,https://regardinconstruction.co.za/wp-content/uploads/2025/02/7.png,500,500,291075,25ac4900324bd9a7de85fcbb3edbd43be607636badb060363aea94e0fba84cfb,"Exterior walls, building frontage or boundary wall",exterior / masonry candidate,[CONFIRM: project context],[CONFIRM: publication permission],0
6-1.png,https://regardinconstruction.co.za/wp-content/uploads/2025/02/6-1.png,500,500,248862,1c2d4236cb4a3ff742c4f330b2b58abcfd4488be4269a85682df422365856479,"Exterior walls, building frontage or boundary wall",exterior / masonry candidate,[CONFIRM: project context],[CONFIRM: publication permission],0
5-2.png,https://regardinconstruction.co.za/wp-content/uploads/2025/02/5-2.png,500,500,231521,30df98b7c3c157b9d1941dd7035305198b8bb929e9b38f01830a46c13c8e5e2b,Interior room with painted walls and ceiling,painting / renovation candidate,[CONFIRM: project context],[CONFIRM: publication permission],0
4-2.png,https://regardinconstruction.co.za/wp-content/uploads/2025/02/4-2.png,500,500,189301,7f09cbaf9715cecb3ed4b26b545e4ba2d4a8f9a8250f77e9be60f36b344ffa26,Interior room with painted walls and ceiling,painting / renovation candidate,[CONFIRM: project context],[CONFIRM: publication permission],0
3-2.png,https://regardinconstruction.co.za/wp-content/uploads/2025/02/3-2.png,500,500,263589,3253c2bcddcde0abaf4830a0d486f38c48c850c6ee299d9f14989d597b936271,Interior room with painted walls and ceiling,painting / renovation candidate,[CONFIRM: project context],[CONFIRM: publication permission],0
2-2.png,https://regardinconstruction.co.za/wp-content/uploads/2025/02/2-2.png,500,500,199041,50c1062a686400ec9a5f42a5372c0deb07861d736a77b4ee30753b49655bb05d,Interior room with painted walls and ceiling,painting / renovation candidate,[CONFIRM: project context],[CONFIRM: publication permission],0
1-2.png,https://regardinconstruction.co.za/wp-content/uploads/2025/02/1-2.png,500,500,88097,c0f74259d94682ab7d691343aafbd4f9260f86509b88669d76446a0e2bf6eefc,Interior room with painted walls and ceiling,painting / renovation candidate,[CONFIRM: project context],[CONFIRM: publication permission],0
IMG_8537-scaled.jpg,https://regardinconstruction.co.za/wp-content/uploads/2025/02/IMG_8537-scaled.jpg,2560,1920,403848,127c2120799b91ca5a8b1de1ff70e206c85bab74c3bb38fc0a4ab2a1624cf8f6,Interior room with glazed doors and painted walls,painting candidate,[CONFIRM: project context],[CONFIRM: publication permission],0
