name,source_url,status,final_url,title,hero,description,cta_routes,displayed_claims_not_verified,case_study_headings,ad_spend_evidence,scope
68 Projects,https://68projects-building.co.za/,200,https://68projects-building.co.za/,Building Contractor Cape Town | Renovations | 68 Projects,Building Contractor Cape Town | Renovations & Construction,"Cape Town building contractor offering renovations, alterations and construction services. NHBRC registered. Servicing Plumstead, Rondebosch, Newlands, Claremont, Constantia and surrounding areas.",Contact | (073) 1888 328 | Get a Free Quote | Request a Quote | Request a Site Visit | Contact Us | Get Your Free Quote | contact@68projects-building.co.za | Get Quote | https://wa.me/27731888328,"mp wall to a full renovation. We are an NHBRC registered builder with decades of combined construction experience, working for homeowners, body c | Building Contractor Cape Town | Renovations | 68 Projects 68 Projects Building Co Home Services Home Renovations Bathroom Renovations Build | s Property Maintenance Roofing About Us Guarantees Projects Products All Products Bollards Bins Blog Contact (073) 1888 328 Home Services All Service | 0+ projects completed 98% of our Google reviews are 4 to 5 stars 90% of renovations completed on schedule Accreditations NHBRC Registered B-BBEE Co | Building Contractor Cape Town | Renovations | 68 Projects 68 Projects Building Co Home Services Home Renovations Bathroom Renovat | rporates and managing agents across the Southern Suburbs and greater Cape Town — Plumstead, Claremont, Constantia, Rondebosch, Newlands and surrounds. You d | enance across the Southern Suburbs, the Northern Suburbs and surrounding areas. We work on both residential properties and commercial or industrial premises",Building Contractor Cape Town | Renovations | 68 Projects | Building Contractor Cape Town | Renovations & Construction | Accreditations | OUR SERVICES | Commercial & Body Corporate Services | Latest Projects | What you're guaranteed | Testimonials | Frequently Asked Questions | Ready to Start Your Project? | Areas We Service,unverified; reviews are not ad-spend evidence,homepage raw HTML; no credentials independently verified
BOMO Renovations,https://bomorenovations.co.za/,200,https://bomorenovations.co.za/,"Renovations, Construction & Carpentry Cape Town | BOMO","Renovations with structure, detail & design in mind | A more structured way to renovate | Our main service areas","BOMO Renovations manages residential renovations, construction, home extensions and custom carpentry in Cape Town, with practical design guidance and project coordination.","Contact | Request a quote | Request A Quote | Request a quotation | Estimated quotation | bomorenovations Cape Town renovations, construction & carpentry. Homes, apartments, offices & rental upgrades. WhatsApp +27 64 728 3277 Interiors: @bomointeriors | +27 064 7283 277 | +27 064 728 3277","site coordination. Visit BOMO interiors NHBRC registered BOMO Renovations is registered with the National Home Builders Registration Council, whi | Renovations, Construction & Carpentry Cape Town | BOMO Skip to content Send your project details for a quot | Renovations, Construction & Carpentry Cape Town | BOMO Skip to content Send your project details for a quotation About Services Home Renovations Ho","Renovations, Construction & Carpentry Cape Town | BOMO | Residential & Commercial renovations in Cape Town | Renovations with structure, detail & design in mind | A more structured way to renovate | Our main service areas | Explore our renovation services | Design guidance before the build begins | From rough scope to finished outdoor space | How the process usually starts | 1 | 2 | 3 | 4 | Why work with BOMO Renovations",unverified; reviews are not ad-spend evidence,homepage raw HTML; no credentials independently verified
CPT Builders,https://cptbuilders.co.za/,200,https://cptbuilders.co.za/,Building Contractors Cape Town | All Construction | 25+Years," | One of the Top Building Contractors, Renovators & Construction Companies in Cape Town","Building contractor and construction company covering all of Cape Town. More than 25 years experience in new homes, construction, renovation and all other forms of building work!",Contact Us | Call 021 012 5370 | 021 012 5370,"content Home Residential Commercial Renovations Home Kitchen Bathroom Pool Contractors Tiling Painting Damp & Waterproofing Project Gallery Con | ers • Each Phase Carefully Supervised • Guarantee Complete Satisfaction • References Available on Request CAPE TOWN’s NR.1 LOCAL HOME REMODELING CONT | Building Contractors Cape Town | All Construction | 25+Years Skip to content Home Residential Commercial Renovations Home Kitchen  | truction Company Operates in Northern & Southern Suburbs, City Bowl, CBD, West Beach & South Peninsula Great Communication 3 years ago They were recommended","Building Contractors Cape Town | All Construction | 25+Years |  | One of the Top Building Contractors, Renovators & Construction Companies in Cape Town | Cape Town’s Oldest Pub Renovation | Cape Town’s #1 Construction Company Operates in Northern & Southern Suburbs, City Bowl, CBD, West Beach & South Peninsula | CAPE TOWN’s NR.1 LOCAL HOME REMODELING CONTRACTOR",unverified; reviews are not ad-spend evidence,homepage raw HTML; no credentials independently verified
Constantiaberg Master Builders,https://cmb.properties/,200,https://cmb.properties/,Constantiaberg Master Builders (Pty) Ltd,OUR PROJECTS,,," with high-quality construction and renovation services in Cape Town’s southern suburbs. Founded in 2015, we deliver luxury homes with exceptio | y completed numerous luxury houses with guaranteed quality results. Our Skilled labour team Brings over 40 years of combined experience to every proj | construction and renovation services in Cape Town’s southern suburbs. Founded in 2015, we deliver luxury homes with exceptional craftsmanship and att |  and renovation services in Cape Town’s southern suburbs. Founded in 2015, we deliver luxury homes with exceptional craftsmanship and attention to detail. P",Constantiaberg Master Builders (Pty) Ltd | ABOUT US | OUR VISION & MISSION | VISION | MISSION | OUR VALUES & SERVICES | CLIENT TESTIMONIALS | OUR PROJECTS | CONTACT US,unverified; reviews are not ad-spend evidence,homepage raw HTML; no credentials independently verified
Pro Projects,https://proprojects001.co.za/,200,https://proprojects001.co.za/,Home - Pro Projects,A LEADING COMPANY IN CONSTRUCTION & STEEL STRUCTURES,"A LEADING COMPANY IN CONSTRUCTION & STEEL STRUCTURES Welcome to Pro Projects, your trusted partner in building construction. We are a premier construction company based in Strand, Western Cape that specializes in delivering top-notch construction services to commercial, residential and industrial clients. Our team comprises of experienced engineers, architects and project managers who have a […]",Contact Us | +27 81 415 8434 | REQUEST A QUOTE,"a in Building Construction. We are also NHBRC and BIBC registered. We strive to put the best team together to satisfy all our clients’ requiremen | re looking to build a new property, renovate an existing one or maintain your infrastructure, we’ve got you covered. Our core values of integri",Home - Pro Projects | A LEADING COMPANY IN CONSTRUCTION & STEEL STRUCTURES | ABOUT US | SOME OF OUR PROJECTS,unverified; reviews are not ad-spend evidence,homepage raw HTML; no credentials independently verified
Happy Home Construction,https://www.happyhomeconstruction.co.za/,200,https://www.happyhomeconstruction.co.za/,Cape Town Builders & Home Renovations | Happy Home,Cape Town Construction Experts,"Happy Home Construction provides home renovations, extensions, new builds, kitchens, bathrooms and outdoor living spaces across Cape Town.",,"Cape Town Builders & Home Renovations | Happy Home Cape Town Construction Experts Happy Home Construction provides home renovations,  | Cape Town Builders & Home Renovations | Happy Home Cape Town Construction Experts Happy Home Construction pro",Cape Town Builders & Home Renovations | Happy Home | Cape Town Construction Experts | Cape Town Construction Experts in Cape Town | Plan a Cape Town building or renovation project,unverified; reviews are not ad-spend evidence,homepage raw HTML; no credentials independently verified
CapeStone,https://capestonebuilders.co.za/,200,https://capestonebuilders.co.za/,,,,,,,unverified; reviews are not ad-spend evidence,homepage raw HTML; no credentials independently verified
SK Projects,https://skprojects.co.za/,200,https://skprojects.co.za/,SK Projects & Investments | Cape Town Builders,"Joinery, Cabinetry & Construction Built on Quality and Precision","Cape Town builders trusted specialists in joinery, cabinetry, extensions, and kitchen & bathroom remodels. NHBRC registered. Get a free quote.",Contact | +27 82 921 9190 | GET A QUOTE | Request a Site Visit |  | Call Us | ," Who We Are Projects Blog About Contact NHBRC Registered Builder Joinery, Cabinetry & Construction Built on Quality and Precision Trusted Cape To | flooring, and finishing touches that elevate your space. Learn More  German-Quality Craftsmanship Precision engineering and attention to detai | SK Projects & Investments | Cape Town Builders Home Who We Are Projects Blog About Contact +27 82 921 9190 GET A QUOTE Home Who We Are Pr","SK Projects & Investments | Cape Town Builders | Joinery, Cabinetry & Construction Built on Quality and Precision | Building Excellence in Cape Town Since 2018 | Full-Service Construction & Craftsmanship | Featured Work | The SK Projects Difference | What Our Clients Say | Insights & Inspiration | Open Plan Living Cape Town: What a Wall Removal Actually Involves | Custom Kitchen Cabinets Cape Town: What to Specify Before You Build | Second Storey Addition Cape Town: Is Your Home a Candidate? | Ready to Begin Your Project?",unverified; reviews are not ad-spend evidence,homepage raw HTML; no credentials independently verified
Cape Town Timber Decking,https://cttd.capetown/,200,https://cttd.capetown/,Luxury Wooden Decking Cape Town | Cape Town Timber Decking,Master-Built Wooden Decking & Timber Craftsmanship,"Cape Town Timber Decking — master-built luxury hardwood decks & pergolas in Garapa, Balau, Massaranduba & Ipe across the Western Cape.",Contact | Inquire | Begin an Inquiry | [ Request a Consultation ] | 073 901 1411,"structural timber staircase and high-elevation balustrades they engineered for our coastal property are magnificent. True structural specialist | e de V. Stellenbosch View Our Gallery & Reviews on Google Behind the Build Our Craft. Watch the discipline behind a single Garapa board — milled, s | Luxury Wooden Decking Cape Town | Cape Town Timber Decking Cape Town Timber Decking - Luxury Hardwood Decking Home Our Craft Materi | ecks and custom timber pergolas for the Southern Suburbs, Atlantic Seaboard, Northern Suburbs and the Winelands — a quiet record of precision-built, conceal | he Southern Suburbs, Atlantic Seaboard, Northern Suburbs and the Winelands — a quiet record of precision-built, concealed-fixing installations. Bantry Bay T",Luxury Wooden Decking Cape Town | Cape Town Timber Decking | Master-Built Wooden Decking & Timber Craftsmanship | Cape Town Timber Decking & Luxury Pergola Portfolio. | What Our Clients Say. | Our Craft. | Cape Town Timber Decking & Luxury Pergola Specialists. | Notes from the Workshop. | Frequently Asked Questions | Begin a Conversation.,unverified; reviews are not ad-spend evidence,homepage raw HTML; no credentials independently verified
Canman Trades,https://canmantrades.co.za/,200,https://canmantrades.co.za/,Canman Trades – Specializing in Residential Property Maintenance,,,Contact | Get in Touch | Click to WhatsApp | Press to Call,"rty maintenance, home improvements, renovations and construction. We pride ourselves on our commitment to providing high-quality, reliable serv | Find us on Google and see our Five-Star Reviews Welcome Established in 2004, Canman Trades (Pty) Ltd is a well-established and experienced company  | hed and experienced company serving the Cape Town area in the fields of property maintenance, home improvements, renovations and construction. We pri",Canman Trades – Specializing in Residential Property Maintenance | Welcome | Services | Compliance | Strong Points | Expertise | About Us & History | Company Goal | Invest in Quality | Referrals,unverified; reviews are not ad-spend evidence,homepage raw HTML; no credentials independently verified
Scotch Score Holdings,https://scotchscoreholdings.co.za/cape-town.html,200,https://scotchscoreholdings.co.za/cape-town.html,Building Contractors Cape Town | Free Quote | 073 814 7376,Building Contractors in Cape Town & Western Cape,"Building contractors Cape Town & Western Cape. Construction, extensions, roof repairs & painting across Durbanville, Stellenbosch & Somerset West. Free quote.","Contact | 073 814 7376 | GET FREE QUOTE | https://wa.me/27738147376?text=Hi,%20I%20need%20a%20quote%20for%20construction%20in%20Cape%20Town","of Repairs R3,500 1–3 days Bathroom Renovation R35,000 2–3 weeks Kitchen Renovation R45,000 3–4 weeks Building Extension / Room Addition R90,00 | h written quotes and 2-year workmanship warranty. Commercial Construction Cape Town Office fitouts, retail buildouts and commercial painting across  | Town Clients Say 4.9★ Rated — 41 Google Reviews Real feedback from Western Cape clients. Read all 41 reviews on Google. ★★★★★ ""Water was pouring th | Building Contractors Cape Town | Free Quote | 073 814 7376 SCOTCH SCORE HOLDINGS Home Services Residential Construction Commercial | ay, Clifton, Bantry Bay, Mouille Point. Southern Suburbs Rondebosch , Newlands, Claremont, Bishopscourt, Kenilworth, Wynberg, Tokai , Constantia. Northern S | enilworth, Wynberg, Tokai , Constantia. Northern Suburbs Durbanville , Bellville, Parow, Brackenfell, Kraaifontein, Table View, Blouberg. Stellenbosch & Win",Building Contractors Cape Town | Free Quote | 073 814 7376 | Building Contractors in Cape Town & Western Cape | How Much Do Building Contractors Charge in Cape Town? | Construction Services Across Cape Town | Building Contractors Across Cape Town & Western Cape | 4.9★ Rated — 41 Google Reviews | Building Contractor Questions — Cape Town | Registered Building Contractors in Cape Town | Need a Building Contractor in Cape Town?,unverified; reviews are not ad-spend evidence,homepage raw HTML; no credentials independently verified
Peninsula Projects,https://peninsulaprojects.co.za/,200,https://peninsulaprojects.co.za/,Peninsula Projects: Quality Construction Services in Cape Town,About Peninsula Projects,"Peninsula Projects: Expert construction services in Cape Town, specializing in residential, commercial, and industrial projects.",Contact | Contact us | Message us on WhatsApp,"mitted to quality and specialize in renovation projects that showcase our expertise and dedication. Whether it's giving your home a fresh look, | jects: Quality Construction Services in Cape Town Home About us Meet the team Projects Contact FAQS More Home About us Meet the team Projects Contact | n 1999, our construction company in the Southern Suburbs of Cape Town has proudly served the community for over two decades. As a trusted builder, we are co",Peninsula Projects: Quality Construction Services in Cape Town | About Peninsula Projects | Contact Us,unverified; reviews are not ad-spend evidence,homepage raw HTML; no credentials independently verified
Cockburn & Son,https://www.cockburnconstruction.co.za/,200,https://www.cockburnconstruction.co.za/,Home Builders and Renovators in the Southern Suburbs of Cape Town - Cockburn and Son Construction,Home Builders and Renovators in the Southern Suburbs of Cape Town,Home Builders and Renovators in the Southern Suburbs of Cape Town offering you a specialised solution in home renovation.,Tel: 083-511-1580 | Contact Us,"Home Builders and Renovators in the Southern Suburbs of Cape Town - Cockburn and Son Construction Skip to content Skip to blo | d Renovators in the Southern Suburbs of Cape Town - Cockburn and Son Construction Skip to content Skip to blog sidebar Muizenberg, Cape Town Tel: 083 | Home Builders and Renovators in the Southern Suburbs of Cape Town - Cockburn and Son Construction Skip to content Skip to blog sidebar Muizenberg, Cape ",Home Builders and Renovators in the Southern Suburbs of Cape Town - Cockburn and Son Construction | Home Builders and Renovators in the Southern Suburbs of Cape Town | Share this page,unverified; reviews are not ad-spend evidence,homepage raw HTML; no credentials independently verified
Tartan Construction,https://tartanconstruction.co.za/,200,https://tartanconstruction.co.za/,Tartan Construction – Construction Cape Town,Let’s build your dream home together,,Contact | Call Us: 072 985 0885 | Contact us today | Message Us! | - Get In Touch - | Get in touch,"anagement and building services. We are NHBRC and BIBC registered. We have extensive international and local experience. Very knowledgeable and s | mpany. We specialize in new builds, renovations, extensions, project management and building services. We are NHBRC and BIBC registered. We hav | Tartan Construction – Construction Cape Town Menu Home About Projects Contact Call Us: 072 985 0885 YOUR BUILDING SPECIALISTS Tartan constructio | d existing construction projects in the Southern Suburbs of Cape Town. Contact us today THE ROAD TO SUCCESS IS WITH TARTAN CONSTRUCTION Tartan Construction ","Tartan Construction – Construction Cape Town | THE ROAD TO SUCCESS IS WITH TARTAN CONSTRUCTION | WE UNDERTAKE ANY KIND OF PROJECT | Our Expertise is born out of Years of Experience | Featured Projects | Building Additions, Kommetjie | Classic Bathroom, Kommetjie | Modern Building, Noordhoek | Elegant Kitchen, Kommetjie | Testimonials | Let’s build your dream home together",unverified; reviews are not ad-spend evidence,homepage raw HTML; no credentials independently verified
Nova Construction Services,https://www.novacs.co.za/,403,https://www.novacs.co.za/,Just a moment...,,,,,Just a moment...,unverified; reviews are not ad-spend evidence,homepage raw HTML; no credentials independently verified
BH Construction,https://www.bhconstruction.co.za/,200,https://www.bhconstruction.co.za/,BH Construction | Building Contractors & Construction Companies Cape Town,Expert Building Contractors & Construction Companies in Cape Town,,Contact Us | Get Free Quote | Call Now | Contact Contractors,"deliver elite craftsmanship on home renovations, alterations, structural repairs, waterproofing, roofing, and specialised building solutions ta | municipal compliance guidelines. Client Reviews & Feedback Trusted Excellence Across Cape Town Read verified client reviews and feedback for BH Con | ng Contractors & Construction Companies Cape Town Waterproofing Dampness Paving Decking Rope Access Vinyl Wooden Floor Concrete Polish Colour Screed ",Home - BH CONSTRUCTION | BH Construction | Building Contractors & Construction Companies Cape Town | Expert Building Contractors & Construction Companies in Cape Town | Our Services | Our Featured Projects in Cape Town | About BH Construction | Leading Construction & Renovation Contractors in Cape Town | Trusted Excellence Across Cape Town,unverified; reviews are not ad-spend evidence,homepage raw HTML; no credentials independently verified
Leukes Builders,https://leukesbuilders.com/,200,https://leukesbuilders.com/,Home - Leukes Builders Home Builders,Leukes Builders - Custom Home Builders,"Others call it a House, but we call it a Home. Leukes Builders are experts in their field with more than 30 years of experience as home builders.",Contact Us | Let's Talk | Home Builders near me?,"al home builders registration council – NHBRC NHBRC Certified Company READ MORE Our Services With over 30 years of experience in the construction | River Plot and Plan Malmesbury Home Renovations Home Renovations Oranjezicht Home Renovations Zeekoevlei Our Services New Home building service | registered with the NHBRC With a 5-year warranty on major structural defects, you can rest easy. Experience With over 30 years of construction exper | ll provide the best advice and results. Reviews EXCELLENT Based on 7 reviews Posted on Google Sonja Chinnian Leukus Building has been such a blessi | lton street, Silver Oaks, Kuils Rivier, Cape Town 7580 Facebook Home Plot and Plan Plot and Plan Eerste River Plot and Plan Malmesbury Home Renovatio","Home - Leukes Builders Home Builders | Leukes Builders - Custom Home Builders | Others call it a House, but we call it a Home | Custom home Builders | About Us | Professional Building Contractors | Our Services | With over 30 years of experience in the construction industry, we are proud to say that Leukes Builders is one of the most competitive companies in the market. | New Homes Building services | Extensions / Additions | Plot & Plan | Others call it a House, but we call it a Home | Additional Services | We Also Offer",unverified; reviews are not ad-spend evidence,homepage raw HTML; no credentials independently verified
R+N Master Builders,https://r-n.co.za/,200,https://r-n.co.za/,Home Page - Master Builders,Shaping Cape Town Since 1948 | Building relationships for over 70 years,,Contact | +27 21 422 3580," EXPLORE Luxury Residential EXPLORE Renovations and Alterations EXPLORE Part of the Mother City’s Scenery Station House Hazendal Signature Mult | ry Expertise Showcase Contact ✕ Shaping Cape Town Since 1948 CAPE TOWN’S Master Builders R+N Master Builders, formerly known as Resnekov & Nielsen, i","Home Page - Master Builders | Shaping Cape Town Since 1948 | Master Builders | Multi-Storey Construction | Heritage & Restoration | Commercial / Residential Redevelopment | Office, Hotel, Restaurant & Retail | Luxury Residential | Renovations and Alterations | Part of the Mother City’s Scenery | Station House | Hazendal | Signature | Building relationships for over 70 years",unverified; reviews are not ad-spend evidence,homepage raw HTML; no credentials independently verified
Phase Three,https://phase-three.co.za/,200,https://phase-three.co.za/,Phase Three Development Company,,,Contact | (+27) 021 286 6354 | BUILD WITH US | CONTACT US | tel:+27212866354,", new construction, alterations and renovations, as well as commercial construction. BUILD WITH US View our portfolio Building Together in Cape | View our portfolio Building Together in Cape Town ABOUT PHASE THREE CONSTRUCTION COMPANY Phase Three Construction Company delivers world-class constr","Phase Three Development Company | Dream it, we construct it. | Featured Projects | Leadership Team | Let’s work together",unverified; reviews are not ad-spend evidence,homepage raw HTML; no credentials independently verified
Urban Revamp,https://urbanrevamp.co.za/,200,https://urbanrevamp.co.za/,,,,,,,unverified; reviews are not ad-spend evidence,homepage raw HTML; no credentials independently verified
