source_path,response,destination,reason,validation
/,200,/,Retained route; revised content,Local representative routes checked; public-host and Search Console review pending
/6-tips-to-retain-your-top-sales-talent/,410,,Retired demo or WordPress archive; review backlinks before cutover,Local representative routes checked; public-host and Search Console review pending
/about-us/,301,/about/,Rewritten equivalent,Local representative routes checked; public-host and Search Console review pending
/author/xiluva/,410,,Retired demo or WordPress archive; review backlinks before cutover,Local representative routes checked; public-host and Search Console review pending
/blog/,410,,Retired demo or WordPress archive; review backlinks before cutover,Local representative routes checked; public-host and Search Console review pending
/category/business/,410,,Retired demo or WordPress archive; review backlinks before cutover,Local representative routes checked; public-host and Search Console review pending
/category/finanve/,410,,Retired demo or WordPress archive; review backlinks before cutover,Local representative routes checked; public-host and Search Console review pending
/category/insurance/,410,,Retired demo or WordPress archive; review backlinks before cutover,Local representative routes checked; public-host and Search Console review pending
/category/leasing/,410,,Retired demo or WordPress archive; review backlinks before cutover,Local representative routes checked; public-host and Search Console review pending
/contact-us/,301,/contact/,Rewritten equivalent,Local representative routes checked; public-host and Search Console review pending
/our-portfolio/,301,/projects/,Rewritten equivalent,Local representative routes checked; public-host and Search Console review pending
/our-services/,301,/services/,Rewritten equivalent,Local representative routes checked; public-host and Search Console review pending
/our-team/,301,/about/,Rewritten equivalent,Local representative routes checked; public-host and Search Console review pending
/portfolios/business-solutions/,410,,Retired demo or WordPress archive; review backlinks before cutover,Local representative routes checked; public-host and Search Console review pending
/portfolios/enterprise-loan/,410,,Retired demo or WordPress archive; review backlinks before cutover,Local representative routes checked; public-host and Search Console review pending
/portfolios/event-finder/,410,,Retired demo or WordPress archive; review backlinks before cutover,Local representative routes checked; public-host and Search Console review pending
/portfolios/financial-report/,410,,Retired demo or WordPress archive; review backlinks before cutover,Local representative routes checked; public-host and Search Console review pending
/portfolios/investment-planning/,410,,Retired demo or WordPress archive; review backlinks before cutover,Local representative routes checked; public-host and Search Console review pending
/portfolios/mo-insurance/,410,,Retired demo or WordPress archive; review backlinks before cutover,Local representative routes checked; public-host and Search Console review pending
/portfolios/money-market/,410,,Retired demo or WordPress archive; review backlinks before cutover,Local representative routes checked; public-host and Search Console review pending
/portfolios/oak-tree-solutions/,410,,Retired demo or WordPress archive; review backlinks before cutover,Local representative routes checked; public-host and Search Console review pending
/portfolios_category/business/,410,,Retired demo or WordPress archive; review backlinks before cutover,Local representative routes checked; public-host and Search Console review pending
/portfolios_category/finance/,410,,Retired demo or WordPress archive; review backlinks before cutover,Local representative routes checked; public-host and Search Console review pending
/portfolios_category/invoicing/,410,,Retired demo or WordPress archive; review backlinks before cutover,Local representative routes checked; public-host and Search Console review pending
/portfolios_category/management/,410,,Retired demo or WordPress archive; review backlinks before cutover,Local representative routes checked; public-host and Search Console review pending
/portfolios_category/savings/,410,,Retired demo or WordPress archive; review backlinks before cutover,Local representative routes checked; public-host and Search Console review pending
/portfolios_category/services/,410,,Retired demo or WordPress archive; review backlinks before cutover,Local representative routes checked; public-host and Search Console review pending
/portfolios_category/trading/,410,,Retired demo or WordPress archive; review backlinks before cutover,Local representative routes checked; public-host and Search Console review pending
/privacy-policy/,200,/privacy-policy/,Retained route; revised content,Local representative routes checked; public-host and Search Console review pending
/tag/business/,410,,Retired demo or WordPress archive; review backlinks before cutover,Local representative routes checked; public-host and Search Console review pending
/tag/consulting/,410,,Retired demo or WordPress archive; review backlinks before cutover,Local representative routes checked; public-host and Search Console review pending
/tag/creative/,410,,Retired demo or WordPress archive; review backlinks before cutover,Local representative routes checked; public-host and Search Console review pending
/tag/finanve/,410,,Retired demo or WordPress archive; review backlinks before cutover,Local representative routes checked; public-host and Search Console review pending
/tag/insurance/,410,,Retired demo or WordPress archive; review backlinks before cutover,Local representative routes checked; public-host and Search Console review pending
/tag/leasing/,410,,Retired demo or WordPress archive; review backlinks before cutover,Local representative routes checked; public-host and Search Console review pending
/tag/management/,410,,Retired demo or WordPress archive; review backlinks before cutover,Local representative routes checked; public-host and Search Console review pending
/tag/portfolio/,410,,Retired demo or WordPress archive; review backlinks before cutover,Local representative routes checked; public-host and Search Console review pending
/tag/themeforest/,410,,Retired demo or WordPress archive; review backlinks before cutover,Local representative routes checked; public-host and Search Console review pending
/terms-of-service/,200,/terms-of-service/,Retained route; revised content,Local representative routes checked; public-host and Search Console review pending
/tf_header_footer/footer/,410,,Retired demo or WordPress archive; review backlinks before cutover,Local representative routes checked; public-host and Search Console review pending
/tf_header_footer/header/,410,,Retired demo or WordPress archive; review backlinks before cutover,Local representative routes checked; public-host and Search Console review pending
/what-the-martian-can-teach-sales/,410,,Retired demo or WordPress archive; review backlinks before cutover,Local representative routes checked; public-host and Search Console review pending
/why-do-i-need-to-use-financial/,410,,Retired demo or WordPress archive; review backlinks before cutover,Local representative routes checked; public-host and Search Console review pending
/why-your-sales-forecast-is-off/,410,,Retired demo or WordPress archive; review backlinks before cutover,Local representative routes checked; public-host and Search Console review pending
