url,status,title,description,h1,canonical,robots,word_count,sitemap_inclusion,decision,local_archive
https://regardinconstruction.co.za/,200,Regardin Construction – Excellence in Every Detail.,,,https://regardinconstruction.co.za/,max-image-preview:large,643,yes,review / rewrite,page-000.html
https://regardinconstruction.co.za/6-tips-to-retain-your-top-sales-talent/,200,6 tips to retain your top sales talent – Regardin Construction,,6 tips to retain your top sales talent6 tips to retain your top sales talent,https://regardinconstruction.co.za/6-tips-to-retain-your-top-sales-talent/,max-image-preview:large,498,yes,retire,page-001.html
https://regardinconstruction.co.za/about-us/,200,About Us – Regardin Construction,,About Us,https://regardinconstruction.co.za/about-us/,max-image-preview:large,461,yes,review / rewrite,page-002.html
https://regardinconstruction.co.za/author/xiluva/,200,Xiluva – Regardin Construction,,Author Archives: Xiluva,,max-image-preview:large,285,yes,retire,page-003.html
https://regardinconstruction.co.za/blog/,200,Blog – Regardin Construction,,Blog,https://regardinconstruction.co.za/blog/,max-image-preview:large,193,yes,retire,page-004.html
https://regardinconstruction.co.za/category/business/,200,Business – Regardin Construction,,Business,,max-image-preview:large,157,yes,retire,page-005.html
https://regardinconstruction.co.za/category/finanve/,200,Finanve – Regardin Construction,,Finanve,,max-image-preview:large,159,yes,retire,page-006.html
https://regardinconstruction.co.za/category/insurance/,200,Insurance – Regardin Construction,,Insurance,,max-image-preview:large,157,yes,retire,page-007.html
https://regardinconstruction.co.za/category/leasing/,200,Leasing – Regardin Construction,,Leasing,,max-image-preview:large,159,yes,retire,page-008.html
https://regardinconstruction.co.za/contact-us/,200,Contact Us – Regardin Construction,,Contact Us,https://regardinconstruction.co.za/contact-us/,max-image-preview:large,200,yes,review / rewrite,page-009.html
https://regardinconstruction.co.za/our-portfolio/,200,Our Portfolio – Regardin Construction,,Our Portfolio,https://regardinconstruction.co.za/our-portfolio/,max-image-preview:large,120,yes,review / rewrite,page-010.html
https://regardinconstruction.co.za/our-services/,200,Our Services – Regardin Construction,,Our Services,https://regardinconstruction.co.za/our-services/,max-image-preview:large,365,yes,review / rewrite,page-011.html
https://regardinconstruction.co.za/our-team/,200,Our Team – Regardin Construction,,Our Team,https://regardinconstruction.co.za/our-team/,max-image-preview:large,154,yes,review / rewrite,page-012.html
https://regardinconstruction.co.za/portfolios/business-solutions/,200,Business Solutions – Regardin Construction,,Business SolutionsBusiness Solutions,https://regardinconstruction.co.za/portfolios/business-solutions/,max-image-preview:large,199,yes,retire,page-013.html
https://regardinconstruction.co.za/portfolios/enterprise-loan/,200,Enterprise Loan – Regardin Construction,,Enterprise LoanEnterprise Loan,https://regardinconstruction.co.za/portfolios/enterprise-loan/,max-image-preview:large,204,yes,retire,page-014.html
https://regardinconstruction.co.za/portfolios/event-finder/,200,Event Finder – Regardin Construction,,Event FinderEvent Finder,https://regardinconstruction.co.za/portfolios/event-finder/,max-image-preview:large,202,yes,retire,page-015.html
https://regardinconstruction.co.za/portfolios/financial-report/,200,Financial Report – Regardin Construction,,Financial ReportFinancial Report,https://regardinconstruction.co.za/portfolios/financial-report/,max-image-preview:large,203,yes,retire,page-016.html
https://regardinconstruction.co.za/portfolios/investment-planning/,200,Investment Planning – Regardin Construction,,Investment PlanningInvestment Planning,https://regardinconstruction.co.za/portfolios/investment-planning/,max-image-preview:large,199,yes,retire,page-017.html
https://regardinconstruction.co.za/portfolios/mo-insurance/,200,MO Insurance – Regardin Construction,,MO InsuranceMO Insurance,https://regardinconstruction.co.za/portfolios/mo-insurance/,max-image-preview:large,203,yes,retire,page-018.html
https://regardinconstruction.co.za/portfolios/money-market/,200,Money Market – Regardin Construction,,Money MarketMoney Market,https://regardinconstruction.co.za/portfolios/money-market/,max-image-preview:large,203,yes,retire,page-019.html
https://regardinconstruction.co.za/portfolios/oak-tree-solutions/,200,Oak Tree Solutions – Regardin Construction,,Oak Tree SolutionsOak Tree Solutions,https://regardinconstruction.co.za/portfolios/oak-tree-solutions/,max-image-preview:large,207,yes,retire,page-020.html
https://regardinconstruction.co.za/portfolios_category/business/,200,Business – Regardin Construction,,Business,,max-image-preview:large,114,yes,retire,page-021.html
https://regardinconstruction.co.za/portfolios_category/finance/,200,Finance – Regardin Construction,,Finance,,max-image-preview:large,114,yes,retire,page-022.html
https://regardinconstruction.co.za/portfolios_category/invoicing/,200,Invoicing – Regardin Construction,,Invoicing,,max-image-preview:large,112,yes,retire,page-023.html
https://regardinconstruction.co.za/portfolios_category/management/,200,Management – Regardin Construction,,Management,,max-image-preview:large,114,yes,retire,page-024.html
https://regardinconstruction.co.za/portfolios_category/savings/,200,Savings – Regardin Construction,,Savings,,max-image-preview:large,115,yes,retire,page-025.html
https://regardinconstruction.co.za/portfolios_category/services/,200,Services – Regardin Construction,,Services,,max-image-preview:large,115,yes,retire,page-026.html
https://regardinconstruction.co.za/portfolios_category/trading/,200,Trading – Regardin Construction,,Trading,,max-image-preview:large,119,yes,retire,page-027.html
https://regardinconstruction.co.za/privacy-policy/,200,Privacy Policy – Regardin Construction,,Privacy Policy,https://regardinconstruction.co.za/privacy-policy/,max-image-preview:large,299,yes,review / rewrite,page-028.html
https://regardinconstruction.co.za/tag/business/,200,Business – Regardin Construction,,Business,,max-image-preview:large,220,yes,retire,page-029.html
https://regardinconstruction.co.za/tag/consulting/,200,Consulting – Regardin Construction,,Consulting,,max-image-preview:large,220,yes,retire,page-030.html
https://regardinconstruction.co.za/tag/creative/,200,Creative – Regardin Construction,,Creative,,max-image-preview:large,222,yes,retire,page-031.html
https://regardinconstruction.co.za/tag/finanve/,200,Finanve – Regardin Construction,,Finanve,,max-image-preview:large,220,yes,retire,page-032.html
https://regardinconstruction.co.za/tag/insurance/,200,Insurance – Regardin Construction,,Insurance,,max-image-preview:large,222,yes,retire,page-033.html
https://regardinconstruction.co.za/tag/leasing/,200,Leasing – Regardin Construction,,Leasing,,max-image-preview:large,222,yes,retire,page-034.html
https://regardinconstruction.co.za/tag/management/,200,Management – Regardin Construction,,Management,,max-image-preview:large,220,yes,retire,page-035.html
https://regardinconstruction.co.za/tag/portfolio/,200,Portfolio – Regardin Construction,,Portfolio,,max-image-preview:large,220,yes,retire,page-036.html
https://regardinconstruction.co.za/tag/themeforest/,200,ThemeForest – Regardin Construction,,ThemeForest,,max-image-preview:large,220,yes,retire,page-037.html
https://regardinconstruction.co.za/terms-of-service/,200,Terms of Service – Regardin Construction,,Terms of Service,https://regardinconstruction.co.za/terms-of-service/,max-image-preview:large,360,yes,review / rewrite,page-038.html
https://regardinconstruction.co.za/tf_header_footer/footer/,200,Footer – Regardin Construction,,,https://regardinconstruction.co.za/tf_header_footer/footer/,max-image-preview:large,65,yes,retire,page-039.html
https://regardinconstruction.co.za/tf_header_footer/header/,200,Header – Regardin Construction,,,https://regardinconstruction.co.za/tf_header_footer/header/,max-image-preview:large,29,yes,retire,page-040.html
https://regardinconstruction.co.za/what-the-martian-can-teach-sales/,200,What the martian can teach sales – Regardin Construction,,What the martian can teach salesWhat the martian can teach sales,https://regardinconstruction.co.za/what-the-martian-can-teach-sales/,max-image-preview:large,484,yes,retire,page-041.html
https://regardinconstruction.co.za/why-do-i-need-to-use-financial/,200,Why Do I Need To Use Financial ? – Regardin Construction,,Why Do I Need To Use Financial ?Why Do I Need To Use Financial ?,https://regardinconstruction.co.za/why-do-i-need-to-use-financial/,max-image-preview:large,502,yes,retire,page-042.html
https://regardinconstruction.co.za/why-your-sales-forecast-is-off/,200,Why your sales forecast is off – Regardin Construction,,Why your sales forecast is offWhy your sales forecast is off,https://regardinconstruction.co.za/why-your-sales-forecast-is-off/,max-image-preview:large,494,yes,retire,page-043.html
